/*
 Navicat Premium Data Transfer

 Source Server         : localhost_3306
 Source Server Type    : MySQL
 Source Server Version : 50726
 Source Host           : localhost:3306
 Source Schema         : shiro

 Target Server Type    : MySQL
 Target Server Version : 50726
 File Encoding         : 65001

 Date: 16/03/2020 22:37:02
*/

SET NAMES utf8mb4;
SET FOREIGN_KEY_CHECKS = 0;

-- ----------------------------
-- Table structure for permission
-- ----------------------------
DROP TABLE IF EXISTS `permission`;
CREATE TABLE `permission` (
  `id` int(11) NOT NULL AUTO_INCREMENT,
  `permission` varchar(255) DEFAULT NULL,
  PRIMARY KEY (`id`)
) ENGINE=InnoDB AUTO_INCREMENT=3 DEFAULT CHARSET=utf8;

-- ----------------------------
-- Records of permission
-- ----------------------------
BEGIN;
INSERT INTO `permission` VALUES (1, 'user:add');
INSERT INTO `permission` VALUES (2, 'user:update');
COMMIT;

-- ----------------------------
-- Table structure for role
-- ----------------------------
DROP TABLE IF EXISTS `role`;
CREATE TABLE `role` (
  `id` int(11) NOT NULL AUTO_INCREMENT,
  `rolename` varchar(255) DEFAULT NULL,
  PRIMARY KEY (`id`),
  KEY `id` (`id`)
) ENGINE=InnoDB AUTO_INCREMENT=3 DEFAULT CHARSET=utf8;

-- ----------------------------
-- Records of role
-- ----------------------------
BEGIN;
INSERT INTO `role` VALUES (1, 'root');
INSERT INTO `role` VALUES (2, 'user');
COMMIT;

-- ----------------------------
-- Table structure for role_permission
-- ----------------------------
DROP TABLE IF EXISTS `role_permission`;
CREATE TABLE `role_permission` (
  `id` int(11) NOT NULL AUTO_INCREMENT,
  `roleId` int(11) DEFAULT NULL,
  `permissionId` int(11) DEFAULT NULL,
  PRIMARY KEY (`id`),
  KEY `roleId` (`roleId`),
  KEY `permissionId` (`permissionId`),
  CONSTRAINT `role_permission_ibfk_1` FOREIGN KEY (`roleId`) REFERENCES `role` (`id`),
  CONSTRAINT `role_permission_ibfk_2` FOREIGN KEY (`permissionId`) REFERENCES `permission` (`id`)
) ENGINE=InnoDB AUTO_INCREMENT=4 DEFAULT CHARSET=utf8;

-- ----------------------------
-- Records of role_permission
-- ----------------------------
BEGIN;
INSERT INTO `role_permission` VALUES (1, 1, 1);
INSERT INTO `role_permission` VALUES (2, 1, 2);
INSERT INTO `role_permission` VALUES (3, 2, 2);
COMMIT;

-- ----------------------------
-- Table structure for user_role
-- ----------------------------
DROP TABLE IF EXISTS `user_role`;
CREATE TABLE `user_role` (
  `id` int(11) NOT NULL AUTO_INCREMENT,
  `userId` int(11) DEFAULT NULL,
  `roleId` int(11) DEFAULT NULL,
  PRIMARY KEY (`id`),
  KEY `userId` (`userId`),
  KEY `roleId` (`roleId`),
  CONSTRAINT `user_role_ibfk_1` FOREIGN KEY (`userId`) REFERENCES `users` (`id`),
  CONSTRAINT `user_role_ibfk_2` FOREIGN KEY (`roleId`) REFERENCES `role` (`id`)
) ENGINE=InnoDB AUTO_INCREMENT=4 DEFAULT CHARSET=utf8;

-- ----------------------------
-- Records of user_role
-- ----------------------------
BEGIN;
INSERT INTO `user_role` VALUES (1, 1, 1);
INSERT INTO `user_role` VALUES (2, 2, 2);
INSERT INTO `user_role` VALUES (3, 1, 2);
COMMIT;

-- ----------------------------
-- Table structure for users
-- ----------------------------
DROP TABLE IF EXISTS `users`;
CREATE TABLE `users` (
  `id` int(11) NOT NULL AUTO_INCREMENT,
  `username` varchar(255) DEFAULT NULL,
  `password` varchar(255) DEFAULT NULL,
  PRIMARY KEY (`id`)
) ENGINE=InnoDB AUTO_INCREMENT=3 DEFAULT CHARSET=utf8;

-- ----------------------------
-- Records of users
-- ----------------------------
BEGIN;
INSERT INTO `users` VALUES (1, 'halo', '123456');
INSERT INTO `users` VALUES (2, 'tu', '123456');
COMMIT;

SET FOREIGN_KEY_CHECKS = 1;
